<?xml version="1.0"?>
<ConversionValue>
  <Unit>
		<DisplayUnitType>PoundsMassPerFootHour</DisplayUnitType>
		<Ratio>0.000125997880555556</Ratio>
		<UnitName>lbm/ft-h</UnitName>
    <UnitType>UT_Piping_Viscosity</UnitType>
  </Unit>
	<Unit>
		<DisplayUnitType>PoundForceFeetPerFoot</DisplayUnitType>
		<Ratio>14.5939029372064</Ratio>
		<UnitName>lbf-ft/ft</UnitName>
    <UnitType>UT_LinearMoment</UnitType>
	</Unit>
	<Unit>
		<DisplayUnitType>TonneForceMetersPerMeter</DisplayUnitType>
		<Ratio>1000</Ratio>
		<UnitName>Tf/m</UnitName>
    <UnitType>UT_LinearMoment</UnitType>
	</Unit>
	<Unit>
		<DisplayUnitType>KilogramForceMetersPerMeter</DisplayUnitType>
		<Ratio>32.1739291338583</Ratio>
		<UnitName>kgf-m/m</UnitName>
    <UnitType>UT_LinearMoment</UnitType>
	</Unit>
	<Unit>
		<DisplayUnitType>KipFeetPerFoot</DisplayUnitType>
		<Ratio>14593.9029372064</Ratio>
		<UnitName>kip-ft/ft</UnitName>
    <UnitType>UT_LinearMoment</UnitType>
	</Unit>
	<Unit>
		<DisplayUnitType>MeganewtonMetersPerMeter</DisplayUnitType>
		<Ratio>3280839.89501312</Ratio>
		<UnitName>MN-m/m</UnitName>
    <UnitType>UT_LinearMoment</UnitType>
	</Unit>
	<Unit>
		<DisplayUnitType>KilonewtonMetersPerMeter</DisplayUnitType>
		<Ratio>3280.83989501312</Ratio>
		<UnitName>kN-m/m</UnitName>
    <UnitType>UT_LinearMoment</UnitType>
  </Unit>
  <Unit>
    <DisplayUnitType>DecanewtonMetersPerMeter</DisplayUnitType>
    <Ratio>32.8083989501312</Ratio>
    <UnitName>daN-m/m</UnitName>
    <UnitType>UT_LinearMoment</UnitType>
	</Unit>
	<Unit>
		<DisplayUnitType>NewtonMetersPerMeter</DisplayUnitType>
		<Ratio>3.28083989501312</Ratio>
		<UnitName>N-m/m</UnitName>
    <UnitType>UT_LinearMoment</UnitType>
	</Unit>
	<Unit>
		<DisplayUnitType>InvCelsius</DisplayUnitType>
		<Ratio>1</Ratio>
		<UnitName>1/°C</UnitName>
    <UnitType>UT_TemperalExp</UnitType>
	</Unit>
	<Unit>
		<DisplayUnitType>InvFahrenheit</DisplayUnitType>
		<Ratio>1.8</Ratio>
		<UnitName>1/°F</UnitName>
    <UnitType>UT_TemperalExp</UnitType>
	</Unit>
	<Unit>
		<DisplayUnitType>KipsPerCubicInch</DisplayUnitType>
		<Ratio>25218264.2754926</Ratio>
		<UnitName>kip/in³</UnitName>
    <UnitType>UT_UnitWeight</UnitType>
	</Unit>
	<Unit>
		<DisplayUnitType>PoundsForcePerCubicFoot</DisplayUnitType>
		<Ratio>14.5939029372064</Ratio>
		<UnitName>lbf/ft³</UnitName>
    <UnitType>UT_UnitWeight</UnitType>
	</Unit>
	<Unit>
		<DisplayUnitType>KilonewtonsPerCubicMeter</DisplayUnitType>
		<Ratio>92.90304</Ratio>
		<UnitName>kN/m³</UnitName>
    <UnitType>UT_UnitWeight</UnitType>
	</Unit>
	<Unit>
		<DisplayUnitType>KipsPerSquareInch</DisplayUnitType>
		<Ratio>2101522.02295772</Ratio>
		<UnitName>ksi</UnitName>
    <UnitType>UT_Stress</UnitType>
	</Unit>
	<Unit>
		<DisplayUnitType>FeetPerSecond</DisplayUnitType>
		<Ratio>1</Ratio>
		<UnitName>ft/s</UnitName>
    <UnitType>UT_Piping_Velocity</UnitType>
	</Unit>
	<Unit>
		<DisplayUnitType>Centipoises</DisplayUnitType>
		<Ratio>0.0003048</Ratio>
		<UnitName>cP</UnitName>
    <UnitType>UT_Piping_Viscosity</UnitType>
  </Unit>
  <Unit>
    <DisplayUnitType>PoundsMassPerFootSecond</DisplayUnitType>
    <Ratio>0.45359237</Ratio>
    <UnitName>lb/ft-s</UnitName>
    <UnitType>UT_Piping_Viscosity</UnitType>
  </Unit>
  <Unit>
    <DisplayUnitType>PascalSeconds</DisplayUnitType>
    <Ratio>0.3048</Ratio>
    <UnitName>Pa-s</UnitName>
    <UnitType>UT_Piping_Viscosity</UnitType>
	</Unit>
	<Unit>
		<DisplayUnitType>FeetOfWater</DisplayUnitType>
		<Ratio>911.041104</Ratio>
		<UnitName>ftH2O</UnitName>
    <UnitType>UT_Piping_Pressure</UnitType>
	</Unit>
	<Unit>
		<DisplayUnitType>FeetOfWaterPer100FT</DisplayUnitType>
		<Ratio>9.110676216</Ratio>
		<UnitName>ftH2O/100ft</UnitName>
    <UnitType>UT_Piping_Friction</UnitType>
	</Unit>
	<Unit>
		<DisplayUnitType>InvKips</DisplayUnitType>
		<Ratio>0.000068522</Ratio>
		<UnitName>/kip</UnitName>
    <UnitType>UT_MomentScale</UnitType>
	</Unit>
	<Unit>
		<DisplayUnitType>InvKilonewtons</DisplayUnitType>
		<Ratio>0.0003048</Ratio>
		<UnitName>/kN</UnitName>
    <UnitType>UT_MomentScale</UnitType>
	</Unit>
	<Unit>
		<DisplayUnitType>CubicFeetPerKip</DisplayUnitType>
		<Ratio>0.000068522</Ratio>
		<UnitName>ft³/kip</UnitName>
    <UnitType>UT_AreaForceScale</UnitType>
	</Unit>
	<Unit>
		<DisplayUnitType>CubicMetersPerKilonewton</DisplayUnitType>
		<Ratio>0.01076387</Ratio>
		<UnitName>m³/kN</UnitName>
    <UnitType>UT_AreaForceScale</UnitType>
	</Unit>
	<Unit>
		<DisplayUnitType>SquareFeetPerKip</DisplayUnitType>
		<Ratio>0.000068522</Ratio>
		<UnitName>ft²/kip</UnitName>
    <UnitType>UT_LinearForceScale</UnitType>
	</Unit>
	<Unit>
		<DisplayUnitType>SquareMetersPerKilonewton</DisplayUnitType>
		<Ratio>0.00328084</Ratio>
		<UnitName>m²/kN</UnitName>
    <UnitType>UT_LinearForceScale</UnitType>
	</Unit>
	<Unit>
		<DisplayUnitType>FeetPerKip</DisplayUnitType>
		<Ratio>0.000068522</Ratio>
		<UnitName>ft/kip</UnitName>
    <UnitType>UT_ForceScale</UnitType>
  </Unit>
  <Unit>
    <DisplayUnitType>MetersPerKilonewton</DisplayUnitType>
    <Ratio>0.0003048</Ratio>
    <UnitName>m/kN</UnitName>
    <UnitType>UT_ForceScale</UnitType>
	</Unit>
	<Unit>
		<DisplayUnitType>PoundsForcePerFoot</DisplayUnitType>
	    <Ratio>14.5939029372064</Ratio>
	    <UnitName>lb/ft</UnitName>
      <UnitType>UT_LinearForce</UnitType>
	</Unit>
	<Unit>
		<DisplayUnitType>TonnesForcePerMeter</DisplayUnitType>
	    <Ratio>9806.6136</Ratio>
	    <UnitName>Tf/m</UnitName>
      <UnitType>UT_LinearForce</UnitType>
  </Unit>
  <Unit>
      <DisplayUnitType>KilogramsForcePerMeter</DisplayUnitType>
      <Ratio>9.8066136</Ratio>
      <UnitName>kgf/m</UnitName>
      <UnitType>UT_LinearForce</UnitType>
	</Unit>
	<Unit>
		<DisplayUnitType>KipsPerFoot</DisplayUnitType>
	    <Ratio>14593.9029372064</Ratio>
	    <UnitName>kip/ft</UnitName>
      <UnitType>UT_LinearForce</UnitType>
	</Unit>
	<Unit>
		<DisplayUnitType>MeganewtonsPerMeter</DisplayUnitType>
	    <Ratio>1000000</Ratio>
	    <UnitName>MN/m</UnitName>
      <UnitType>UT_LinearForce</UnitType>
  </Unit>
  <Unit>
    <DisplayUnitType>KilonewtonsPerMeter</DisplayUnitType>
    <Ratio>1000</Ratio>
    <UnitName>kN/m</UnitName>
    <UnitType>UT_LinearForce</UnitType>
	</Unit>
	<Unit>
		<DisplayUnitType>DecanewtonsPerMeter</DisplayUnitType>
	    <Ratio>10</Ratio>
	    <UnitName>daN/m</UnitName>
      <UnitType>UT_LinearForce</UnitType>
	</Unit>
	<Unit>
		<DisplayUnitType>NewtonsPerMeter</DisplayUnitType>
	    <Ratio>1</Ratio>
	    <UnitName>N/m</UnitName>
      <UnitType>UT_LinearForce</UnitType>
	</Unit>
	<Unit>
		<DisplayUnitType>PoundsForcePerSquareFoot</DisplayUnitType>
	    <Ratio>14.5939029372064</Ratio>
	    <UnitName>psf</UnitName>
      <UnitType>UT_AreaForce</UnitType>
	</Unit>
	<Unit>
		<DisplayUnitType>TonnesForcePerSquareMeter</DisplayUnitType>
	    <Ratio>2989.05582528</Ratio>
	    <UnitName>Tf/m²</UnitName>
      <UnitType>UT_AreaForce</UnitType>
	</Unit>
	<Unit>
		<DisplayUnitType>KilogramsForcePerSquareMeter</DisplayUnitType>
	    <Ratio>2.98905582528</Ratio>
	    <UnitName>kgf/m²</UnitName>
      <UnitType>UT_AreaForce</UnitType>
  </Unit>
  <Unit>
    <DisplayUnitType>KipsPerSquareFoot</DisplayUnitType>
      <Ratio>14593.9029372064</Ratio>
      <UnitName>ksf</UnitName>
      <UnitType>UT_AreaForce</UnitType>
	</Unit>
	<Unit>
		<DisplayUnitType>MeganewtonsPerSquareMeter</DisplayUnitType>
	    <Ratio>304800</Ratio>
	    <UnitName>MN/m²</UnitName>
      <UnitType>UT_AreaForce</UnitType>
	</Unit>
	<Unit>
		<DisplayUnitType>KilonewtonsPerSquareMeter</DisplayUnitType>
	    <Ratio>304.8</Ratio>
	    <UnitName>kN/m²</UnitName>
      <UnitType>UT_AreaForce</UnitType>
	</Unit>
	<Unit>
		<DisplayUnitType>DecanewtonsPerSquareMeter</DisplayUnitType>
	    <Ratio>3.048</Ratio>
	    <UnitName>daN/m²</UnitName>
      <UnitType>UT_AreaForce</UnitType>
	</Unit>
	<Unit>
		<DisplayUnitType>NewtonsPerSquareMeter</DisplayUnitType>
	    <Ratio>0.3048</Ratio>
	    <UnitName>N/m²</UnitName>
      <UnitType>UT_AreaForce</UnitType>
	</Unit>
	<Unit>
		<DisplayUnitType>PoundForceFeet</DisplayUnitType>
	    <Ratio>14.5939029372064</Ratio>
	    <UnitName>lb-ft</UnitName>
      <UnitType>UT_Moment</UnitType>
	</Unit>
	<Unit>
		<DisplayUnitType>TonneForceMeters</DisplayUnitType>
	    <Ratio>105557.510281687</Ratio>
	    <UnitName>Tf-m</UnitName>
      <UnitType>UT_Moment</UnitType>
  </Unit>
  <Unit>
    <DisplayUnitType>KilogramForceMeters</DisplayUnitType>
    <Ratio>105.557510281687</Ratio>
    <UnitName>kgf-m</UnitName>
    <UnitType>UT_Moment</UnitType>
	</Unit>
	<Unit>
		<DisplayUnitType>KipFeet</DisplayUnitType>
	    <Ratio>14593.9029372064</Ratio>
	    <UnitName>kip-ft</UnitName>
      <UnitType>UT_Moment</UnitType>
	</Unit>
	<Unit>
		<DisplayUnitType>MeganewtonMeters</DisplayUnitType>
	    <Ratio>10763910.4167097</Ratio>
	    <UnitName>MN-m</UnitName>
      <UnitType>UT_Moment</UnitType>
  </Unit>
  <Unit>
    <DisplayUnitType>KilonewtonMeters</DisplayUnitType>
    <Ratio>10763.9104167097</Ratio>
    <UnitName>kN-m</UnitName>
    <UnitType>UT_Moment</UnitType>
	</Unit>
	<Unit>
		<DisplayUnitType>DecanewtonMeters</DisplayUnitType>
	    <Ratio>107.639104167097</Ratio>
	    <UnitName>daN-m</UnitName>
      <UnitType>UT_Moment</UnitType>
  </Unit>
  <Unit>
    <DisplayUnitType>NewtonMeters</DisplayUnitType>
    <Ratio>10.7639104167097</Ratio>
    <UnitName>N-m</UnitName>
      <UnitType>UT_Moment</UnitType>
	</Unit>
	<Unit>
		<DisplayUnitType>PoundsForce</DisplayUnitType>
	    <Ratio>14.5939029372064</Ratio>
	    <UnitName>lb</UnitName>
      <UnitType>UT_Force</UnitType>
	</Unit>
	<Unit>
		<DisplayUnitType>TonnesForce</DisplayUnitType>
	    <Ratio>32173.9291338583</Ratio>
	    <UnitName>Tf</UnitName>
      <UnitType>UT_Force</UnitType>
	</Unit>
	<Unit>
		<DisplayUnitType>KilogramsForce</DisplayUnitType>
	    <Ratio>32.1739291338583</Ratio>
	    <UnitName>kgf</UnitName>
      <UnitType>UT_Force</UnitType>
	</Unit>
	<Unit>
		<DisplayUnitType>Kips</DisplayUnitType>
	    <Ratio>14593.9029372064</Ratio>
	    <UnitName>kip</UnitName>
      <UnitType>UT_Force</UnitType>
	</Unit>
	<Unit>
		<DisplayUnitType>Meganewtons</DisplayUnitType>
	    <Ratio>3280839.89501312</Ratio>
	    <UnitName>MN</UnitName>
      <UnitType>UT_Force</UnitType>
	</Unit>
	<Unit>
	    <DisplayUnitType>Decanewtons</DisplayUnitType>
	    <Ratio>32.8083989501312</Ratio>
	    <UnitName>daN</UnitName>
      <UnitType>UT_Force</UnitType>
	</Unit>
	<Unit>
		<DisplayUnitType>Newtons</DisplayUnitType>
	    <Ratio>3.28083989501312</Ratio>
	    <UnitName>N</UnitName>
      <UnitType>UT_Force</UnitType>
	</Unit>
	<Unit>
		<DisplayUnitType>HorsePower</DisplayUnitType>
	    <Ratio>8026.6466154635</Ratio>
	    <UnitName>hp</UnitName>
      <UnitType>UT_Electrical_Power</UnitType>
	</Unit>
	<Unit>
		<DisplayUnitType>KilovoltAmperes</DisplayUnitType>
	    <Ratio>10763.9104167097</Ratio>
	    <UnitName>kva</UnitName>
      <UnitType>UT_Electrical_Power</UnitType>
  </Unit>
  <Unit>
    <DisplayUnitType>VoltAmperes</DisplayUnitType>
    <Ratio>10.7639104167097</Ratio>
    <UnitName>va</UnitName>
    <UnitType>UT_Electrical_Power</UnitType>
	</Unit>
	<Unit>
		<DisplayUnitType>Lumens</DisplayUnitType>
	    <Ratio>1</Ratio>
	    <UnitName>cd</UnitName>
      <UnitType>UT_Electrical_Luminous_Intensity</UnitType>
	</Unit>
	<Unit>
		<DisplayUnitType>Candlepower</DisplayUnitType>
	    <Ratio/>
	    <UnitName/>      
	</Unit>
	<Unit>
		<DisplayUnitType>Candelas</DisplayUnitType>
	    <Ratio>1</Ratio>
	    <UnitName>cd</UnitName>
      <UnitType>UT_Electrical_Luminous_Intensity</UnitType>
	</Unit>
	<Unit>
		<DisplayUnitType>CandelasPerSquareMeter</DisplayUnitType>
	    <Ratio>0.09290304</Ratio>
	    <UnitName>cd/m³</UnitName>
      <UnitType>UT_Electrical_Illuminance</UnitType>
  </Unit>
  <Unit>
    <DisplayUnitType>Footlamberts</DisplayUnitType>
    <Ratio>0.32035531</Ratio>
    <UnitName>fl</UnitName>
    <UnitType>UT_Electrical_Illuminance</UnitType>
	</Unit>
	<Unit>
		<DisplayUnitType>Footcandles</DisplayUnitType>
	    <Ratio>0.9999999612864</Ratio>
	    <UnitName>fc</UnitName>
      <UnitType>UT_Electrical_Illuminance</UnitType>
	</Unit>
	<Unit>
		<DisplayUnitType>Lux</DisplayUnitType>
	    <Ratio>0.09290304</Ratio>
	    <UnitName>lx</UnitName>
      <UnitType>UT_Electrical_Illuminance</UnitType>
	</Unit>
	<Unit>
		<DisplayUnitType>CyclesPerSecond</DisplayUnitType>
	    <Ratio>1</Ratio>
	    <UnitName>cps</UnitName>
      <UnitType>UT_Electrical_Frequency</UnitType>
  </Unit>
  <Unit>
    <DisplayUnitType>Herts</DisplayUnitType>
    <Ratio>1</Ratio>
    <UnitName>Hz</UnitName>
    <UnitType>UT_Electrical_Frequency</UnitType>
	</Unit>
	<Unit>
		<DisplayUnitType>Millivolts</DisplayUnitType>
	    <Ratio>0.0107639104167097</Ratio>
	    <UnitName>mv</UnitName>
      <UnitType>UT_Electrical_Potential</UnitType>
  </Unit>
  <Unit>
    <DisplayUnitType>Kilovolts</DisplayUnitType>
    <Ratio>10763.9104167097</Ratio>
    <UnitName>kv</UnitName>
      <UnitType>UT_Electrical_Potential</UnitType>
  </Unit>
  <Unit>
    <DisplayUnitType>Volts</DisplayUnitType>
    <Ratio>10.7639104167097</Ratio>
    <UnitName>v</UnitName>
      <UnitType>UT_Electrical_Potential</UnitType>
  </Unit>
	<Unit>
		<DisplayUnitType>Milliamperes</DisplayUnitType>
	    <Ratio>0.001</Ratio>
	    <UnitName>ma</UnitName>
      <UnitType>UT_Electrical_Current</UnitType>
  </Unit>
  <Unit>
    <DisplayUnitType>Kiloamperes</DisplayUnitType>
    <Ratio>1000</Ratio>
    <UnitName>ka</UnitName>
    <UnitType>UT_Electrical_Current</UnitType>
	</Unit>
	<Unit>
		<DisplayUnitType>Amperes</DisplayUnitType>
	    <Ratio>1</Ratio>
	    <UnitName>a</UnitName>
      <UnitType>UT_Electrical_Current</UnitType>
	</Unit>
	<Unit>
		<DisplayUnitType>GallonsUSPerHour</DisplayUnitType>
	    <Ratio>3.7133489773201E-05</Ratio>
	    <UnitName>gal/h</UnitName>
      <UnitType>UT_HVAC_Airflow</UnitType>
  </Unit>
	<Unit>
		<DisplayUnitType>GallonsUSPerMinute</DisplayUnitType>
	    <Ratio>0.00222800938639206</Ratio>
	    <UnitName>gal/min</UnitName>
    <UnitType>UT_HVAC_Airflow</UnitType>
  </Unit>
  <Unit>
    <DisplayUnitType>CubicMetersPerHour</DisplayUnitType>
    <Ratio>0.00980962964485794</Ratio>
    <UnitName>m³/h</UnitName>
    <UnitType>UT_HVAC_Airflow</UnitType>
  </Unit>
  <Unit>
    <DisplayUnitType>CubicMetersPerSecond</DisplayUnitType>
    <Ratio>35.3146667214886</Ratio>
    <UnitName>m³/s</UnitName>
    <UnitType>UT_HVAC_Airflow</UnitType>
  </Unit>
  <Unit>
    <DisplayUnitType>LitersPerSecond</DisplayUnitType>
    <Ratio>0.0353146667214886</Ratio>
    <UnitName>L/s</UnitName>
    <UnitType>UT_HVAC_Airflow</UnitType>
  </Unit>
	<Unit>
		<DisplayUnitType>CubicFeetPerMinute</DisplayUnitType>
	    <Ratio>0.0166666666666667</Ratio>
	    <UnitName>CFM</UnitName>
    <UnitType>UT_HVAC_Airflow</UnitType>
	</Unit>
	<Unit>
		<DisplayUnitType>CentimetersPerMinute</DisplayUnitType>
	    <Ratio>0.000546806649168854</Ratio>
	    <UnitName>cm/min</UnitName>
    <UnitType>UT_HVAC_Velocity</UnitType>  
  </Unit>
  <Unit>
    <DisplayUnitType>MetersPerSecond</DisplayUnitType>
    <Ratio>3.28083989501312</Ratio>
    <UnitName>m/s</UnitName>
    <UnitType>UT_HVAC_Velocity</UnitType>
	</Unit>
	<Unit>
		<DisplayUnitType>FeetPerMinute</DisplayUnitType>
	    <Ratio>0.0166666666666667</Ratio>
	    <UnitName>FPM</UnitName>
    <UnitType>UT_HVAC_Velocity</UnitType>	
  </Unit>
	<Unit>
		<DisplayUnitType>Rankine</DisplayUnitType>
	    <Ratio>0.555555555555556</Ratio>
	    <UnitName>_R</UnitName>
    <UnitType>UT_HVAC_Temperature</UnitType>
  </Unit>
  <Unit>
    <DisplayUnitType>Kelvin</DisplayUnitType>
    <Ratio>1</Ratio>
    <UnitName>K</UnitName>
    <UnitType>UT_HVAC_Temperature</UnitType>	
  </Unit>
	<Unit>
		<DisplayUnitType>Celsius</DisplayUnitType>
	    <Ratio>274.15</Ratio>
	    <UnitName>°C</UnitName>
    <UnitType>UT_HVAC_Temperature</UnitType>
  </Unit>
  <Unit>
    <DisplayUnitType>Fahrenheit</DisplayUnitType>
    <Ratio>255.927777777778</Ratio>
    <UnitName>°F</UnitName>
    <UnitType>UT_HVAC_Temperature</UnitType>  
  </Unit>
	<Unit>
		<DisplayUnitType>Bars</DisplayUnitType>
	    <Ratio>30480</Ratio>
	    <UnitName>bar</UnitName>
      <UnitType>UT_HVAC_Pressure</UnitType>
	</Unit>
	<Unit>
		<DisplayUnitType>Atmosphere</DisplayUnitType>
	    <Ratio>30883.86</Ratio>
	    <UnitName>atm</UnitName>
      <UnitType>UT_HVAC_Pressure</UnitType>
	</Unit>
	<Unit>
		<DisplayUnitType>MillimetersOfMercury</DisplayUnitType>
	    <Ratio>40.63666752</Ratio>
	    <UnitName>mmHg</UnitName>
      <UnitType>UT_HVAC_Pressure</UnitType>
  </Unit>
  <Unit>
    <DisplayUnitType>InchesOfMercury</DisplayUnitType>
    <Ratio>1032.1713672</Ratio>
    <UnitName>inHg</UnitName>
    <UnitType>UT_HVAC_Pressure</UnitType>
	</Unit>
	<Unit>
		<DisplayUnitType>PoundsForcePerSquareInch</DisplayUnitType>
	    <Ratio>2101.5219336</Ratio>
	    <UnitName>psi</UnitName>
      <UnitType>UT_HVAC_Pressure</UnitType>
	</Unit>
	<Unit>
		<DisplayUnitType>Megapascals</DisplayUnitType>
	    <Ratio>304800</Ratio>
	    <UnitName>MPa</UnitName>
      <UnitType>UT_HVAC_Pressure</UnitType>
  </Unit>
  <Unit>
    <DisplayUnitType>Kilopascals</DisplayUnitType>
    <Ratio>304.8</Ratio>
    <UnitName>kPa</UnitName>
    <UnitType>UT_HVAC_Pressure</UnitType>
	</Unit>
	<Unit>
		<DisplayUnitType>Pascals</DisplayUnitType>
	    <Ratio>0.3048</Ratio>
	    <UnitName>Pa</UnitName>
    <UnitType>UT_HVAC_Pressure</UnitType>
	</Unit>
	<Unit>
		<DisplayUnitType>InchesOfWater</DisplayUnitType>
	    <Ratio>75.846432</Ratio>
	    <UnitName>in-wg</UnitName>
      <UnitType>UT_HVAC_Pressure</UnitType>
	</Unit>
	<Unit>
		<DisplayUnitType>WattsPerSquareMeter</DisplayUnitType>
	    <Ratio>1</Ratio>
	    <UnitName>W/m²</UnitName>
    <UnitType>UT_HVAC_Power_Density</UnitType>
  </Unit>
  <Unit>
    <DisplayUnitType>WattsPerSquareFoot</DisplayUnitType>
    <Ratio>10.7639104167097</Ratio>
    <UnitName>W/ft²</UnitName>
    <UnitType>UT_HVAC_Power_Density</UnitType>
	</Unit>
	<Unit>
		<DisplayUnitType>KilocaloriesPerSecond</DisplayUnitType>
	    <Ratio>45066.3401326803</Ratio>
	    <UnitName>kcal/s</UnitName>
      <UnitType>UT_HVAC_Power</UnitType>
  </Unit>
  <Unit>
    <DisplayUnitType>CaloriesPerSecond</DisplayUnitType>
    <Ratio>45.0663401326803</Ratio>
    <UnitName>cal/s</UnitName>
      <UnitType>UT_HVAC_Power</UnitType>
  </Unit>
  <Unit>
    <DisplayUnitType>BritishThermalUnitsPerHour</DisplayUnitType>
    <Ratio>3.15459074506305</Ratio>
    <UnitName>Btu/h</UnitName>
    <UnitType>UT_HVAC_Power</UnitType>
	</Unit>
	<Unit>
		<DisplayUnitType>BritishThermalUnitsPerSecond</DisplayUnitType>
	    <Ratio>11356.526682227</Ratio>
	    <UnitName>Btu/s</UnitName>
      <UnitType>UT_HVAC_Power</UnitType>
  </Unit>
  <Unit>
    <DisplayUnitType>Kilowatts</DisplayUnitType>
    <Ratio>10763.9104167097</Ratio>
    <UnitName>kW</UnitName>
      <UnitType>UT_HVAC_Power</UnitType>
  </Unit>
  <Unit>
    <DisplayUnitType>Watts</DisplayUnitType>
    <Ratio>10.7639104167097</Ratio>
    <UnitName>W</UnitName>
    <UnitType>UT_HVAC_Power</UnitType>
	</Unit>
	<Unit>
		<DisplayUnitType>PascalsPerMeter</DisplayUnitType>
	    <Ratio>0.09290304</Ratio>
	    <UnitName>Pa/m</UnitName>
      <UnitType>UT_HVAC_Friction</UnitType>
	</Unit>
	<Unit>
		<DisplayUnitType>InchesOfWaterPer100FT</DisplayUnitType>
	    <Ratio>0.75846432</Ratio>
	    <UnitName>in-wg/100ft</UnitName>
      <UnitType>UT_HVAC_Friction</UnitType>
	</Unit>
	<Unit>
		<DisplayUnitType>Therms</DisplayUnitType>
	    <Ratio>1135657132.42538</Ratio>
	    <UnitName>therm</UnitName>
      <UnitType>UT_HVAC_Energy</UnitType>
  </Unit>
  <Unit>
    <DisplayUnitType>KilowattHours</DisplayUnitType>
    <Ratio>38750077.500155</Ratio>
    <UnitName>kWh</UnitName>
    <UnitType>UT_HVAC_Energy</UnitType>
	</Unit>
	<Unit>
		<DisplayUnitType>Joules</DisplayUnitType>
	    <Ratio>10.7639104167097</Ratio>
	    <UnitName>j</UnitName>
      <UnitType>UT_HVAC_Energy</UnitType>
	</Unit>
	<Unit>
		<DisplayUnitType>Kilocalories</DisplayUnitType>
	    <Ratio>45066.3401326803</Ratio>
	    <UnitName>kcal</UnitName>
      <UnitType>UT_HVAC_Energy</UnitType>
	</Unit>
	<Unit>
		<DisplayUnitType>Calories</DisplayUnitType>
	    <Ratio>45.0663401326803</Ratio>
	    <UnitName>cal</UnitName>
    <UnitType>UT_HVAC_Energy</UnitType>
  </Unit>
  <Unit>
    <DisplayUnitType>BritishThermalUnits</DisplayUnitType>
    <Ratio>11356.526682227</Ratio>
    <UnitName>bt</UnitName>
    <UnitType>UT_HVAC_Energy</UnitType>
	</Unit>
	<Unit>
		<DisplayUnitType>PoundsMassPerCubicInch</DisplayUnitType>
	    <Ratio>783.80761536</Ratio>
	    <UnitName>lb/in³</UnitName>
      <UnitType>UT_HVAC_Density</UnitType>
	</Unit>
	<Unit>
		<DisplayUnitType>PoundsMassPerCubicFoot</DisplayUnitType>
	    <Ratio>0.45359237</Ratio>
	    <UnitName>lb/ft³</UnitName>
      <UnitType>UT_HVAC_Density</UnitType>
	</Unit>
  <Unit>
    <DisplayUnitType>General</DisplayUnitType>
    <Ratio>1</Ratio>
    <UnitName></UnitName>
    <UnitType>UT_Number</UnitType>
  </Unit>
  <Unit>
    <DisplayUnitType>Fixed</DisplayUnitType>
    <Ratio>1</Ratio>
    <UnitName></UnitName>
    <UnitType>UT_Number</UnitType>
  </Unit>
  <Unit>
    <DisplayUnitType>Percentage</DisplayUnitType>
    <Ratio>100</Ratio>
    <UnitName>%</UnitName>
    <UnitType>UT_Number</UnitType>
  </Unit>
  <Unit>
    <DisplayUnitType>DecimalDegrees</DisplayUnitType>
    <Ratio>0.0174532925199433</Ratio>
    <UnitName>°</UnitName>
    <UnitType>UT_Angle</UnitType>
  </Unit>
  <Unit>
    <DisplayUnitType>DegreeAndMinutes</DisplayUnitType>
    <Ratio>0.0174532925199433</Ratio>
    <UnitName></UnitName>
    <UnitType>UT_Angle</UnitType>
  </Unit>
  <Unit>
    <DisplayUnitType>GallonsUS</DisplayUnitType>
    <Ratio>0.13367197</Ratio>
    <UnitName>gal</UnitName>
    <UnitType>UT_Volume</UnitType>
  </Unit>
  <Unit>
    <DisplayUnitType>Liters</DisplayUnitType>
    <Ratio>0.03531073</Ratio>
    <UnitName>L</UnitName>
    <UnitType>UT_Volume</UnitType>
  </Unit>
  <Unit>
    <DisplayUnitType>CubicMeters</DisplayUnitType>
    <Ratio>35.33568905</Ratio>
    <UnitName>M³</UnitName>
    <UnitType>UT_Volume</UnitType>
  </Unit>
  <Unit>
    <DisplayUnitType>CubicFeet</DisplayUnitType>
    <Ratio>1</Ratio>
    <UnitName>CF</UnitName>
    <UnitType>UT_Volume</UnitType>
  </Unit>
  <Unit>
    <DisplayUnitType>CubicYards</DisplayUnitType>
    <Ratio>27</Ratio>
    <UnitName>CY</UnitName>
    <UnitType>UT_Volume</UnitType>
  </Unit>
  <Unit>
    <DisplayUnitType>Hectares</DisplayUnitType>
    <Ratio>107642.62648009</Ratio>
    <UnitName>hectare</UnitName>
    <UnitType>UT_Area</UnitType>
  </Unit>
  <Unit>
    <DisplayUnitType>Acres</DisplayUnitType>
    <Ratio>43562.97093649</Ratio>
    <UnitName>acres</UnitName>
    <UnitType>UT_Area</UnitType>
  </Unit>
  <Unit>
    <DisplayUnitType>SquareMillimeters</DisplayUnitType>
    <Ratio>0.000010764263</Ratio>
    <UnitName>MM²</UnitName>
    <UnitType>UT_Area</UnitType>
  </Unit>
  <Unit>
    <DisplayUnitType>SquareCentimeters</DisplayUnitType>
    <Ratio>0.00107643</Ratio>
    <UnitName>CM²</UnitName>
    <UnitType>UT_Area</UnitType>
  </Unit>
  <Unit>
    <DisplayUnitType>SquareMeters</DisplayUnitType>
    <Ratio>10.76426265</Ratio>
    <UnitName>M²</UnitName>
    <UnitType>UT_Area</UnitType>
  </Unit>
  <Unit>
    <DisplayUnitType>SquareInches</DisplayUnitType>
    <Ratio>0.00694444</Ratio>
    <UnitName>in²</UnitName>
    <UnitType>UT_Area</UnitType>
  </Unit>
  <Unit>
    <DisplayUnitType>SquareFeet</DisplayUnitType>
    <Ratio>1</Ratio>
    <UnitName>SF</UnitName>
    <UnitType>UT_Area</UnitType>
  </Unit>
  <Unit>
    <DisplayUnitType>MetersCentimeters</DisplayUnitType>
    <Ratio>3.28083990</Ratio>
    <UnitName>M</UnitName>
    <UnitType>UT_Length</UnitType>
  </Unit>
  <Unit>
    <DisplayUnitType>DecimalInches</DisplayUnitType>
    <Ratio>0.08333333</Ratio>
    <UnitName>"</UnitName>
    <UnitType>UT_Length</UnitType>
  </Unit>
  <Unit>
    <DisplayUnitType>FractionalInches</DisplayUnitType>
    <Ratio>0.08333333</Ratio>
    <UnitName>"</UnitName>
    <UnitType>UT_Length</UnitType>
  </Unit>
  <Unit>
    <DisplayUnitType>FeetFractionalInches</DisplayUnitType>
    <Ratio>1</Ratio>
    <UnitName></UnitName>
    <UnitType>UT_Length</UnitType>
  </Unit>
  <Unit>
    <DisplayUnitType>DecimalFeet</DisplayUnitType>
    <Ratio>1</Ratio>
    <UnitName>'</UnitName>
    <UnitType>UT_Length</UnitType>
  </Unit>
  <Unit>
    <DisplayUnitType>Millimeters</DisplayUnitType>
    <Ratio>0.00328084</Ratio>
    <UnitName>MM</UnitName>
    <UnitType>UT_Length</UnitType>
  </Unit>
  <Unit>
    <DisplayUnitType>Centimeters</DisplayUnitType>
    <Ratio>0.03280840</Ratio>
    <UnitName>CM</UnitName>
    <UnitType>UT_Length</UnitType>
  </Unit>
  <Unit>
    <DisplayUnitType>Meters</DisplayUnitType>
    <Ratio>3.28083990</Ratio>
    <UnitName>M</UnitName>
    <UnitType>UT_Length</UnitType>
  </Unit>
</ConversionValue>

