<?xml version="1.0" encoding="UTF-8"?><?xml-stylesheet type='text/xsl' href='_UpgradeReport_Files/UpgradeReport.xslt'?><UpgradeLog>
<Properties><Property Name="Solution" Value="labs">
</Property><Property Name="Solution File" Value="J:\Yejo\Revit\Code\labs\labs.sln">
</Property><Property Name="Date" Value="2009年3月31日">
</Property><Property Name="Time" Value="11:43">
</Property></Properties><Event ErrorLevel="0" Project="LabsCs" Source="cs\LabsCs.csproj" Description="Project converted successfully">
</Event><Event ErrorLevel="3" Project="LabsCs" Source="cs\LabsCs.csproj" Description="Converted">
</Event><Event ErrorLevel="0" Project="LabsVb" Source="vb\LabsVb.vbproj" Description="Project converted successfully">
</Event><Event ErrorLevel="3" Project="LabsVb" Source="vb\LabsVb.vbproj" Description="Converted">
</Event><Event ErrorLevel="0" Project="" Source="labs.sln" Description="Solution converted successfully">
</Event><Event ErrorLevel="3" Project="" Source="labs.sln" Description="Converted">
</Event><Event ErrorLevel="0" Project="LabsCs" Source="cs\LabsCs.csproj" Description="Scan complete: Upgrade not required for project files.">
</Event><Event ErrorLevel="0" Project="LabsVb" Source="vb\LabsVb.vbproj" Description="Scan complete: Upgrade not required for project files.">
</Event></UpgradeLog>