<?xml version="1.0" encoding="UTF-8"?><?xml-stylesheet type='text/xsl' href='_UpgradeReport_Files/UpgradeReport.xslt'?><UpgradeLog>
<Properties><Property Name="Solution" Value="RstLink">
</Property><Property Name="Solution File" Value="J:\Yejo\Revit\Code\RST Labs\rst_labs\revit\2010\src\rst\link\RstLink.sln">
</Property><Property Name="Date" Value="2009年6月19日">
</Property><Property Name="Time" Value="15:01">
</Property></Properties><Event ErrorLevel="0" Project="RstLinkCs" Source="cs\RstLinkCs\RstLinkCs.csproj" Description="Project converted successfully">
</Event><Event ErrorLevel="3" Project="RstLinkCs" Source="cs\RstLinkCs\RstLinkCs.csproj" Description="Converted">
</Event><Event ErrorLevel="0" Project="RstLinkVb" Source="vb\RstLinkVb\RstLinkVb.vbproj" Description="Project converted successfully">
</Event><Event ErrorLevel="3" Project="RstLinkVb" Source="vb\RstLinkVb\RstLinkVb.vbproj" Description="Converted">
</Event><Event ErrorLevel="0" Project="Miro" Source="cpp\RstLinkAcadClientDynProps\Miro.vcproj" Description="ATL Server support has been removed from this version of Visual Studio. In case your ATL Project uses any ATL Server functionality, your project may not build. Please consult the MSDN documentation for a list of alternatives.">
</Event><Event ErrorLevel="0" Project="Miro" Source="cpp\RstLinkAcadClientDynProps\Miro.vcproj" Description="Web deployment to the local IIS server is no longer supported. The Web Deployment build tool has been removed from your project settings.">
</Event><Event ErrorLevel="1" Project="Miro" Source="cpp\RstLinkAcadClientDynProps\Miro.vcproj" Description="This application has been updated to include settings related to the User Account Control (UAC) feature of Windows Vista. By default, when run on Windows Vista with UAC enabled, this application is marked to run with the same privileges as the process that launched it. This marking also disables the application from running with virtualization. You can change UAC related settings from the Property Pages of the project.">
</Event><Event ErrorLevel="0" Project="Miro" Source="cpp\RstLinkAcadClientDynProps\Miro.vcproj" Description="Project upgraded successfully.">
</Event><Event ErrorLevel="3" Project="Miro" Source="cpp\RstLinkAcadClientDynProps\Miro.vcproj" Description="Converted">
</Event><Event ErrorLevel="0" Project="RstLinkAcadClientCs" Source="cs\RstLinkAcadClientCs\RstLinkAcadClientCs.csproj" Description="Project converted successfully">
</Event><Event ErrorLevel="3" Project="RstLinkAcadClientCs" Source="cs\RstLinkAcadClientCs\RstLinkAcadClientCs.csproj" Description="Converted">
</Event><Event ErrorLevel="0" Project="RstLinkAcadClientVb" Source="vb\RstLinkAcadClientVb\RstLinkAcadClientVb.vbproj" Description="Project converted successfully">
</Event><Event ErrorLevel="3" Project="RstLinkAcadClientVb" Source="vb\RstLinkAcadClientVb\RstLinkAcadClientVb.vbproj" Description="Converted">
</Event><Event ErrorLevel="0" Project="RstLinkRevitClientVb" Source="vb\RstLinkRevitClientVb\RstLinkRevitClientVb.vbproj" Description="Project converted successfully">
</Event><Event ErrorLevel="3" Project="RstLinkRevitClientVb" Source="vb\RstLinkRevitClientVb\RstLinkRevitClientVb.vbproj" Description="Converted">
</Event><Event ErrorLevel="0" Project="RstLinkRevitClientCs" Source="cs\RstLinkRevitClientCs\RstLinkRevitClientCs.csproj" Description="Project converted successfully">
</Event><Event ErrorLevel="3" Project="RstLinkRevitClientCs" Source="cs\RstLinkRevitClientCs\RstLinkRevitClientCs.csproj" Description="Converted">
</Event><Event ErrorLevel="0" Project="" Source="RstLink.sln" Description="Solution converted successfully">
</Event><Event ErrorLevel="3" Project="" Source="RstLink.sln" Description="Converted">
</Event><Event ErrorLevel="0" Project="RstLinkCs" Source="cs\RstLinkCs\RstLinkCs.csproj" Description="Scan complete: Upgrade not required for project files.">
</Event><Event ErrorLevel="0" Project="RstLinkVb" Source="vb\RstLinkVb\RstLinkVb.vbproj" Description="Scan complete: Upgrade not required for project files.">
</Event><Event ErrorLevel="0" Project="RstLinkAcadClientCs" Source="cs\RstLinkAcadClientCs\RstLinkAcadClientCs.csproj" Description="Scan complete: Upgrade not required for project files.">
</Event><Event ErrorLevel="0" Project="RstLinkAcadClientVb" Source="vb\RstLinkAcadClientVb\RstLinkAcadClientVb.vbproj" Description="Scan complete: Upgrade not required for project files.">
</Event><Event ErrorLevel="0" Project="RstLinkRevitClientVb" Source="vb\RstLinkRevitClientVb\RstLinkRevitClientVb.vbproj" Description="Scan complete: Upgrade not required for project files.">
</Event><Event ErrorLevel="0" Project="RstLinkRevitClientCs" Source="cs\RstLinkRevitClientCs\RstLinkRevitClientCs.csproj" Description="Scan complete: Upgrade not required for project files.">
</Event></UpgradeLog>