<?xml version="1.0" encoding="UTF-8"?><?xml-stylesheet type='text/xsl' href='_UpgradeReport_Files/UpgradeReport.xslt'?><UpgradeLog>
<Properties><Property Name="Solution" Value="RstLink 2005">
</Property><Property Name="Solution File" Value="J:\Yejo\Revit\Code\RST Labs\rst_labs\revit\2010\src\rst\link\RstLink 2005.sln">
</Property><Property Name="Date" Value="2009年6月19日">
</Property><Property Name="Time" Value="18:28">
</Property><Property Name="Log Number" Value="2">
</Property></Properties><Event ErrorLevel="0" Project="RstLinkCs" Source="cs\RstLinkCs\RstLinkCs.csproj" Description="The project file does not require conversion.">
</Event><Event ErrorLevel="3" Project="RstLinkCs" Source="cs\RstLinkCs\RstLinkCs.csproj" Description="No Conversion Required">
</Event><Event ErrorLevel="0" Project="RstLinkVb" Source="vb\RstLinkVb\RstLinkVb.vbproj" Description="The project file does not require conversion.">
</Event><Event ErrorLevel="3" Project="RstLinkVb" Source="vb\RstLinkVb\RstLinkVb.vbproj" Description="No Conversion Required">
</Event><Event ErrorLevel="2" Project="Miro" Source="cpp\RstLinkAcadClientDynProps\Miro.vcproj" Description="The following error has occurred during XML parsing:&#xA;&#xA;File: J:\Yejo\Revit\Code\RST Labs\rst_labs\revit\2010\src\rst\link\cpp\RstLinkAcadClientDynProps\Miro.vcproj&#xA;Line: 9&#xA;Column: 2&#xA;Error Message:&#xA;'9.00' violates enumeration constraint of '7.00 7,00 7.10 7,10 8.00 8,00'.&#xA;The attribute 'Version' with value '9.00' failed to parse.&#xA;&#xA;The file 'J:\Yejo\Revit\Code\RST Labs\rst_labs\revit\2010\src\rst\link\cpp\RstLinkAcadClientDynProps\Miro.vcproj' has failed to load.">
</Event><Event ErrorLevel="2" Project="Miro" Source="cpp\RstLinkAcadClientDynProps\Miro.vcproj" Description="Project upgrade failed.">
</Event><Event ErrorLevel="3" Project="Miro" Source="cpp\RstLinkAcadClientDynProps\Miro.vcproj" Description="Not Converted">
</Event><Event ErrorLevel="0" Project="RstLinkAcadClientCs" Source="cs\RstLinkAcadClientCs\RstLinkAcadClientCs.csproj" Description="The project file does not require conversion.">
</Event><Event ErrorLevel="3" Project="RstLinkAcadClientCs" Source="cs\RstLinkAcadClientCs\RstLinkAcadClientCs.csproj" Description="No Conversion Required">
</Event><Event ErrorLevel="0" Project="RstLinkAcadClientVb" Source="vb\RstLinkAcadClientVb\RstLinkAcadClientVb.vbproj" Description="The project file does not require conversion.">
</Event><Event ErrorLevel="3" Project="RstLinkAcadClientVb" Source="vb\RstLinkAcadClientVb\RstLinkAcadClientVb.vbproj" Description="No Conversion Required">
</Event><Event ErrorLevel="0" Project="RstLinkRevitClientVb" Source="vb\RstLinkRevitClientVb\RstLinkRevitClientVb.vbproj" Description="The project file does not require conversion.">
</Event><Event ErrorLevel="3" Project="RstLinkRevitClientVb" Source="vb\RstLinkRevitClientVb\RstLinkRevitClientVb.vbproj" Description="No Conversion Required">
</Event><Event ErrorLevel="0" Project="RstLinkRevitClientCs" Source="cs\RstLinkRevitClientCs\RstLinkRevitClientCs.csproj" Description="The project file does not require conversion.">
</Event><Event ErrorLevel="3" Project="RstLinkRevitClientCs" Source="cs\RstLinkRevitClientCs\RstLinkRevitClientCs.csproj" Description="No Conversion Required">
</Event><Event ErrorLevel="0" Project="" Source="RstLink 2005.sln" Description="The solution file does not require conversion.">
</Event><Event ErrorLevel="3" Project="" Source="RstLink 2005.sln" Description="No Conversion Required">
</Event></UpgradeLog>