﻿<?xml version="1.0" encoding="utf-8" ?>
<configuration>
   <button buttonName="button1" macroName="" moduleName=""  icon="default.png"></button>
   <button buttonName="button2" macroName="" moduleName=""  icon="default.png"></button>
   <button buttonName="button3" macroName="" moduleName=""  icon="default.png"></button>
   <button buttonName="button4" macroName="" moduleName=""  icon="default.png"></button>
   <button buttonName="button5" macroName="" moduleName=""  icon="default.png"></button>
</configuration> 
